customer_id,revenue,conversions,status,type,category,date,impressions,clicks
Customer A,22779.14,144,ENABLED,ENGAGEMENT,FASHION,2024-02-21,28903,1861
Customer B,17843.41,31,ENABLED,AWARENESS,FASHION,2024-04-07,82219,4790
Customer B,16441.79,55,ENABLED,AWARENESS,ELECTRONICS,2024-01-24,91197,672
Customer C,4684.36,82,HIDDEN,CONVERSION,ELECTRONICS,2024-01-26,55458,1035
Customer B,39288.05,37,HIDDEN,CONVERSION,HOME,2024-01-30,19574,793
Customer B,11839.8,78,HIDDEN,AWARENESS,FASHION,2024-07-20,12059,2848
Customer B,25246.31,158,ENABLED,CONVERSION,ELECTRONICS,2024-07-22,80206,4777
Customer B,13268.92,21,ENABLED,CONVERSION,ELECTRONICS,2024-07-01,77906,1075
Customer B,23681.55,64,ENABLED,ENGAGEMENT,TOYS,2024-05-23,98094,4764
Customer B,15933.77,28,HIDDEN,CONVERSION,FASHION,2024-02-17,76524,3893
Customer C,12145.01,103,HIDDEN,CONVERSION,TOYS,2024-01-17,74050,2809
Customer B,16737.09,171,HIDDEN,CONVERSION,ELECTRONICS,2024-02-10,20019,4389
Customer C,22471.71,187,ENABLED,ENGAGEMENT,HOME,2024-04-08,34094,3602
Customer A,24160.55,101,ENABLED,CONVERSION,FASHION,2024-04-06,87950,14
Customer A,32990.17,199,ENABLED,ENGAGEMENT,ELECTRONICS,2024-05-21,79689,4158
Customer A,29876.97,44,HIDDEN,CONVERSION,FASHION,2024-01-06,45840,2598
Customer A,46276.33,177,ENABLED,AWARENESS,TOYS,2024-05-08,73097,3997
Customer A,38492.3,65,HIDDEN,AWARENESS,TOYS,2024-07-23,35846,4905
Customer C,12677.76,55,HIDDEN,AWARENESS,TOYS,2024-06-17,13247,300
Customer B,41916.26,43,ENABLED,CONVERSION,ELECTRONICS,2024-04-26,86282,818
Customer B,17686.53,123,ENABLED,CONVERSION,TOYS,2024-07-15,40482,2027
Customer C,4181.06,110,HIDDEN,AWARENESS,HOME,2024-08-05,53382,4747
Customer B,22895.91,190,ENABLED,AWARENESS,TOYS,2024-06-23,72988,76
Customer A,49863.04,177,ENABLED,ENGAGEMENT,FASHION,2024-05-25,39815,1083
Customer A,16581.28,178,HIDDEN,ENGAGEMENT,FASHION,2024-05-16,29567,2487
Customer C,38358.59,189,HIDDEN,CONVERSION,HOME,2024-04-02,90755,4184
Customer A,27866.02,87,ENABLED,AWARENESS,HOME,2024-07-04,62384,1296
Customer C,30163.45,175,ENABLED,AWARENESS,HOME,2024-02-01,94275,3572
Customer C,11669.18,128,ENABLED,AWARENESS,TOYS,2024-07-26,76155,261
Customer B,26575.76,139,ENABLED,ENGAGEMENT,HOME,2024-08-12,52713,1005
Customer C,6404.9,107,ENABLED,AWARENESS,ELECTRONICS,2024-01-30,6800,3309
Customer C,22488.41,24,HIDDEN,CONVERSION,HOME,2024-06-11,62904,128
Customer C,40226.33,121,HIDDEN,AWARENESS,TOYS,2024-01-15,54381,581
Customer A,22955.99,29,ENABLED,CONVERSION,ELECTRONICS,2024-05-11,49776,687
Customer A,8381.79,184,HIDDEN,AWARENESS,FASHION,2024-07-17,4296,4682
Customer B,44252.57,189,HIDDEN,ENGAGEMENT,ELECTRONICS,2024-05-12,73954,4877
Customer A,37406.24,42,HIDDEN,ENGAGEMENT,TOYS,2024-07-01,37463,2254
Customer C,32169.12,41,HIDDEN,CONVERSION,FASHION,2024-04-20,56184,3050
Customer A,4346.28,32,ENABLED,AWARENESS,ELECTRONICS,2024-08-12,54005,4959
Customer B,46734.34,60,HIDDEN,AWARENESS,TOYS,2024-06-07,89160,2183
Customer B,35575.9,37,ENABLED,ENGAGEMENT,TOYS,2024-04-15,27099,2296
Customer B,4422.05,96,ENABLED,AWARENESS,ELECTRONICS,2024-06-05,16148,1901
Customer A,47613.05,162,ENABLED,AWARENESS,HOME,2024-01-27,54596,4426
Customer A,47603.8,15,ENABLED,CONVERSION,TOYS,2024-05-14,48689,507
Customer B,27672.31,198,HIDDEN,AWARENESS,HOME,2024-05-30,19375,4899
Customer C,12269.78,140,ENABLED,ENGAGEMENT,TOYS,2024-05-12,66440,4613
Customer A,47756.13,40,ENABLED,CONVERSION,TOYS,2024-02-23,71292,2723
Customer C,33965.17,87,ENABLED,AWARENESS,FASHION,2024-03-03,30993,4598
Customer C,25688.43,23,HIDDEN,ENGAGEMENT,HOME,2024-06-28,88985,4369
Customer B,26949.68,73,ENABLED,AWARENESS,TOYS,2024-06-05,24535,2930
Customer A,48527.98,4,HIDDEN,ENGAGEMENT,HOME,2024-07-01,70721,1241
Customer A,6759.47,7,HIDDEN,CONVERSION,FASHION,2024-03-28,66803,3143
Customer A,44757.25,134,HIDDEN,ENGAGEMENT,HOME,2024-07-10,47301,2718
Customer B,23025.55,181,ENABLED,ENGAGEMENT,TOYS,2024-07-09,41918,4168
Customer B,42721.11,95,ENABLED,CONVERSION,FASHION,2024-03-09,61006,736
Customer C,4315.49,164,ENABLED,AWARENESS,FASHION,2024-06-15,70644,4339
Customer B,43489.16,42,ENABLED,ENGAGEMENT,ELECTRONICS,2024-05-02,92285,2070
Customer C,10083.78,44,HIDDEN,AWARENESS,FASHION,2024-05-08,60123,4688
Customer B,10268.78,56,ENABLED,ENGAGEMENT,HOME,2024-01-13,86215,3712
Customer A,47979.36,26,ENABLED,AWARENESS,ELECTRONICS,2024-01-08,59504,1441
Customer C,27374.91,124,ENABLED,AWARENESS,TOYS,2024-04-16,41712,3775
Customer C,11343.26,2,ENABLED,ENGAGEMENT,FASHION,2024-02-06,54520,121
Customer A,41233.01,11,HIDDEN,AWARENESS,TOYS,2024-04-27,59003,1846
Customer C,9895.68,2,ENABLED,AWARENESS,FASHION,2024-06-22,60877,3839
Customer A,4877.59,40,HIDDEN,CONVERSION,ELECTRONICS,2024-02-20,9045,1548
Customer C,16714.52,7,ENABLED,ENGAGEMENT,HOME,2024-06-23,81947,3570
Customer A,22961.13,127,ENABLED,AWARENESS,ELECTRONICS,2024-01-15,41239,299
Customer A,35847.04,57,ENABLED,ENGAGEMENT,FASHION,2024-07-28,45077,1328
Customer C,18835.92,53,HIDDEN,ENGAGEMENT,HOME,2024-05-14,24780,283
Customer C,3471.77,21,ENABLED,ENGAGEMENT,HOME,2024-07-02,27724,920
Customer A,21676.18,123,HIDDEN,ENGAGEMENT,HOME,2024-04-02,28280,3330
Customer A,14667.97,188,HIDDEN,AWARENESS,FASHION,2024-06-24,10494,2406
Customer A,1432.85,103,ENABLED,ENGAGEMENT,ELECTRONICS,2024-01-10,13258,3816
Customer C,37013.85,72,HIDDEN,AWARENESS,HOME,2024-01-09,29832,4095
Customer A,19478.08,146,HIDDEN,AWARENESS,FASHION,2024-06-15,92253,3300
Customer C,19955.5,131,HIDDEN,CONVERSION,HOME,2024-06-02,86842,3628
Customer B,5034.87,196,ENABLED,CONVERSION,FASHION,2024-05-01,92822,1226
Customer A,38458.73,150,HIDDEN,ENGAGEMENT,FASHION,2024-04-26,42512,1871
Customer C,42876.0,70,ENABLED,AWARENESS,FASHION,2024-02-07,55198,2151
Customer A,46737.76,65,HIDDEN,AWARENESS,FASHION,2024-02-07,52133,2116
Customer B,24243.66,179,HIDDEN,ENGAGEMENT,HOME,2024-07-22,58199,3565
Customer A,21736.55,139,ENABLED,AWARENESS,HOME,2024-04-13,91154,4390
Customer A,1402.68,99,ENABLED,AWARENESS,TOYS,2024-01-29,46703,1351
Customer C,47266.15,61,ENABLED,AWARENESS,FASHION,2024-06-04,38392,4282
Customer A,47113.54,143,ENABLED,ENGAGEMENT,FASHION,2024-02-01,29544,131
Customer A,27897.78,36,ENABLED,CONVERSION,TOYS,2024-07-04,83839,1812
Customer A,34109.8,53,HIDDEN,ENGAGEMENT,ELECTRONICS,2024-02-17,97236,114
Customer A,7730.2,184,HIDDEN,ENGAGEMENT,HOME,2024-07-03,15448,1658
Customer B,18832.75,122,HIDDEN,AWARENESS,TOYS,2024-05-09,16815,1065
Customer C,37446.31,32,HIDDEN,AWARENESS,ELECTRONICS,2024-03-24,87402,98
Customer B,35648.06,111,HIDDEN,CONVERSION,HOME,2024-01-15,66994,4369
Customer A,23198.15,102,HIDDEN,ENGAGEMENT,ELECTRONICS,2024-03-26,63433,306
Customer B,43389.79,183,ENABLED,CONVERSION,HOME,2024-02-15,67306,3899
Customer B,11065.53,193,HIDDEN,AWARENESS,ELECTRONICS,2024-07-12,97340,218
Customer C,14740.06,195,HIDDEN,ENGAGEMENT,ELECTRONICS,2024-06-23,57783,42
Customer A,7543.25,16,HIDDEN,ENGAGEMENT,HOME,2024-08-09,97426,1459
Customer A,5930.02,168,HIDDEN,CONVERSION,HOME,2024-04-09,4776,1740
Customer C,31467.78,58,ENABLED,AWARENESS,FASHION,2024-03-05,39696,3934
Customer A,6108.08,103,ENABLED,CONVERSION,ELECTRONICS,2024-01-25,85663,2563
Customer C,43593.84,29,ENABLED,CONVERSION,FASHION,2024-07-20,59964,2476
Customer C,14050.06,10,HIDDEN,CONVERSION,FASHION,2024-02-02,33298,263
Customer C,32092.11,128,ENABLED,AWARENESS,TOYS,2024-01-22,19367,4841
Customer C,11397.55,74,HIDDEN,ENGAGEMENT,HOME,2024-01-22,7423,4069
Customer A,44304.71,86,HIDDEN,AWARENESS,FASHION,2024-03-20,51567,2742
Customer C,26146.34,183,HIDDEN,ENGAGEMENT,TOYS,2024-03-07,35577,4286
Customer C,26351.39,138,ENABLED,AWARENESS,FASHION,2024-04-29,69599,1973
Customer C,10281.02,112,HIDDEN,CONVERSION,HOME,2024-06-20,2836,2663
Customer A,22473.44,58,ENABLED,CONVERSION,TOYS,2024-04-15,42868,1681
Customer C,10769.91,55,ENABLED,CONVERSION,FASHION,2024-02-23,15802,3896
Customer A,20806.32,125,ENABLED,ENGAGEMENT,HOME,2024-06-28,89612,1864
Customer C,15419.77,33,HIDDEN,ENGAGEMENT,FASHION,2024-08-01,75140,4190
Customer A,33107.91,179,ENABLED,AWARENESS,HOME,2024-08-11,20090,3292
Customer B,3351.13,124,ENABLED,AWARENESS,FASHION,2024-04-08,19801,4099
Customer B,29549.55,118,ENABLED,ENGAGEMENT,TOYS,2024-03-18,32843,1228
Customer A,46270.53,83,ENABLED,ENGAGEMENT,TOYS,2024-05-09,46539,2176
Customer B,48956.18,134,ENABLED,ENGAGEMENT,ELECTRONICS,2024-04-24,42337,4325
Customer B,30384.05,114,ENABLED,CONVERSION,TOYS,2024-05-27,65868,4361
Customer B,29104.46,97,ENABLED,ENGAGEMENT,TOYS,2024-07-18,96071,282
Customer C,27353.77,165,HIDDEN,ENGAGEMENT,TOYS,2024-07-18,70887,3140
Customer A,48479.08,81,HIDDEN,CONVERSION,HOME,2024-02-27,66083,2592
Customer C,2527.26,61,HIDDEN,ENGAGEMENT,TOYS,2024-03-30,68716,1602
Customer C,36856.96,87,HIDDEN,ENGAGEMENT,FASHION,2024-08-12,90446,785
Customer C,47566.48,138,ENABLED,AWARENESS,ELECTRONICS,2024-01-29,11631,512
Customer A,15589.86,162,ENABLED,CONVERSION,FASHION,2024-01-21,22481,3744
Customer B,6224.45,183,HIDDEN,ENGAGEMENT,TOYS,2024-03-26,31735,1784
Customer B,27823.94,71,HIDDEN,ENGAGEMENT,FASHION,2024-05-15,76444,1323
Customer B,1989.8,130,HIDDEN,CONVERSION,FASHION,2024-06-20,29308,251
Customer C,42150.85,163,HIDDEN,CONVERSION,TOYS,2024-04-15,6160,801
Customer C,26249.53,49,ENABLED,AWARENESS,ELECTRONICS,2024-05-27,13282,2348
Customer A,47457.99,120,HIDDEN,AWARENESS,FASHION,2024-08-02,3119,3412
Customer B,34475.41,182,HIDDEN,CONVERSION,ELECTRONICS,2024-08-08,46547,2909
Customer A,43815.91,88,ENABLED,AWARENESS,TOYS,2024-01-31,33971,924
Customer B,38245.22,139,HIDDEN,ENGAGEMENT,ELECTRONICS,2024-03-15,98933,930
Customer A,47547.92,181,HIDDEN,AWARENESS,HOME,2024-02-25,40272,4360
Customer B,7650.47,96,ENABLED,AWARENESS,ELECTRONICS,2024-05-31,7000,3031
Customer B,13035.44,41,ENABLED,CONVERSION,HOME,2024-07-10,89093,4173
Customer C,27291.59,176,HIDDEN,ENGAGEMENT,HOME,2024-02-14,74657,4238
Customer A,42515.3,48,ENABLED,CONVERSION,ELECTRONICS,2024-06-10,49311,2759
Customer C,6449.49,128,ENABLED,ENGAGEMENT,TOYS,2024-01-13,62886,3104
Customer B,8413.51,189,ENABLED,CONVERSION,HOME,2024-05-30,3776,3663
Customer B,48956.41,116,ENABLED,AWARENESS,ELECTRONICS,2024-03-21,96032,2849
Customer A,15004.5,45,ENABLED,CONVERSION,HOME,2024-06-08,9591,1336
Customer C,40793.2,178,HIDDEN,ENGAGEMENT,FASHION,2024-04-03,21770,4182
Customer B,15418.46,66,ENABLED,AWARENESS,ELECTRONICS,2024-03-08,55727,1179
Customer C,5471.95,156,HIDDEN,ENGAGEMENT,ELECTRONICS,2024-06-06,19976,738
Customer A,16728.48,86,ENABLED,AWARENESS,FASHION,2024-06-21,51428,2243
Customer C,14413.57,178,HIDDEN,ENGAGEMENT,TOYS,2024-03-03,5143,3332
Customer B,29223.86,37,HIDDEN,CONVERSION,TOYS,2024-04-22,20257,835
Customer C,1415.01,15,ENABLED,CONVERSION,TOYS,2024-05-23,79734,2011
Customer A,27888.29,197,ENABLED,CONVERSION,ELECTRONICS,2024-04-28,63262,4761
Customer B,30413.59,174,HIDDEN,ENGAGEMENT,HOME,2024-07-13,74971,3159
Customer B,36891.02,58,HIDDEN,AWARENESS,TOYS,2024-07-30,78985,2352
Customer A,3596.73,47,HIDDEN,AWARENESS,FASHION,2024-07-24,22983,1407
Customer A,3244.87,140,ENABLED,ENGAGEMENT,HOME,2024-03-19,16221,2876
Customer C,9332.93,72,HIDDEN,AWARENESS,FASHION,2024-01-02,64482,2375
Customer C,17975.47,158,HIDDEN,ENGAGEMENT,TOYS,2024-04-24,26383,1879
Customer C,45050.35,137,ENABLED,AWARENESS,HOME,2024-07-24,28152,4718
Customer B,1133.69,165,ENABLED,AWARENESS,TOYS,2024-07-04,83148,4970
Customer A,42749.09,173,HIDDEN,ENGAGEMENT,ELECTRONICS,2024-04-02,36811,4035
Customer A,5089.5,145,HIDDEN,ENGAGEMENT,HOME,2024-02-22,60033,422
Customer A,40610.7,18,HIDDEN,ENGAGEMENT,HOME,2024-05-06,49847,1096
Customer C,15912.5,84,ENABLED,CONVERSION,FASHION,2024-01-22,30175,2339
Customer C,19870.11,42,HIDDEN,ENGAGEMENT,ELECTRONICS,2024-07-02,20792,4588
Customer B,33791.93,130,ENABLED,AWARENESS,TOYS,2024-07-01,38860,1253
Customer B,18351.87,173,HIDDEN,AWARENESS,TOYS,2024-02-24,77288,2491
Customer B,33298.05,172,ENABLED,CONVERSION,FASHION,2024-03-16,73473,3225
Customer A,22821.44,109,HIDDEN,CONVERSION,TOYS,2024-05-30,21858,2151
Customer B,18974.28,127,ENABLED,CONVERSION,FASHION,2024-01-16,46523,3189
Customer A,24505.64,97,ENABLED,CONVERSION,ELECTRONICS,2024-02-09,74768,476
Customer C,4180.79,92,HIDDEN,AWARENESS,TOYS,2024-04-03,19590,1030
Customer B,1106.53,78,HIDDEN,CONVERSION,ELECTRONICS,2024-02-09,13012,4631
Customer A,32759.97,144,HIDDEN,ENGAGEMENT,ELECTRONICS,2024-01-14,53854,3183
Customer C,22905.12,83,ENABLED,ENGAGEMENT,FASHION,2024-02-05,42532,604
Customer B,32156.67,182,HIDDEN,CONVERSION,FASHION,2024-08-01,63409,3710
Customer C,9405.09,34,ENABLED,AWARENESS,HOME,2024-05-13,20148,168
Customer C,28945.83,86,ENABLED,AWARENESS,ELECTRONICS,2024-02-04,51513,2542
Customer B,33030.53,39,HIDDEN,AWARENESS,TOYS,2024-05-30,92997,3696
Customer B,16894.45,185,HIDDEN,CONVERSION,FASHION,2024-04-18,58874,247
Customer C,8068.93,19,HIDDEN,CONVERSION,ELECTRONICS,2024-04-14,57045,1526
Customer A,37802.66,24,ENABLED,ENGAGEMENT,FASHION,2024-03-11,89544,2574
Customer A,34561.89,185,ENABLED,ENGAGEMENT,HOME,2024-04-23,66582,4625
Customer C,21292.44,34,ENABLED,AWARENESS,FASHION,2024-06-29,82497,4546
Customer B,5405.89,100,ENABLED,AWARENESS,TOYS,2024-04-12,26301,1910
Customer A,43463.83,68,ENABLED,ENGAGEMENT,HOME,2024-07-07,45795,2609
Customer B,7064.19,104,HIDDEN,AWARENESS,TOYS,2024-02-27,21346,1786
Customer B,26047.23,50,ENABLED,ENGAGEMENT,HOME,2024-08-07,61338,1018
Customer C,21064.76,122,HIDDEN,CONVERSION,ELECTRONICS,2024-04-23,85278,4448
Customer C,49945.03,112,ENABLED,ENGAGEMENT,FASHION,2024-04-02,29174,3868
Customer B,38257.91,103,ENABLED,ENGAGEMENT,TOYS,2024-01-10,36941,2127
Customer C,23169.02,34,HIDDEN,AWARENESS,TOYS,2024-05-08,24076,4110
Customer A,13476.28,22,HIDDEN,ENGAGEMENT,HOME,2024-05-18,37552,3329
Customer C,32392.79,29,ENABLED,CONVERSION,FASHION,2024-01-31,54769,2816
Customer B,40667.0,135,ENABLED,ENGAGEMENT,ELECTRONICS,2024-01-29,61205,2842
Customer C,12824.7,171,HIDDEN,AWARENESS,HOME,2024-01-02,83635,69
Customer A,8525.63,27,ENABLED,ENGAGEMENT,TOYS,2024-08-05,47438,1683
Customer C,37496.87,24,ENABLED,ENGAGEMENT,ELECTRONICS,2024-03-12,34936,3155
Customer A,13745.93,179,HIDDEN,CONVERSION,TOYS,2024-04-14,26607,4742
Customer C,15545.86,163,HIDDEN,AWARENESS,HOME,2024-06-19,95326,1064
Customer C,11639.4,197,HIDDEN,ENGAGEMENT,ELECTRONICS,2024-05-27,68762,3480
Customer C,18954.81,169,ENABLED,CONVERSION,FASHION,2024-03-06,76157,1839
Customer C,9898.51,53,ENABLED,CONVERSION,TOYS,2024-05-12,43969,2563
Customer B,48109.23,45,HIDDEN,AWARENESS,TOYS,2024-06-09,40286,1325
Customer C,20878.14,93,ENABLED,AWARENESS,HOME,2024-03-14,15945,2262
Customer C,31219.27,90,HIDDEN,ENGAGEMENT,ELECTRONICS,2024-04-30,8758,913
Customer B,27619.22,60,HIDDEN,CONVERSION,HOME,2024-05-30,86066,3270
Customer B,17093.48,56,HIDDEN,ENGAGEMENT,ELECTRONICS,2024-02-17,86846,3912
Customer C,39174.46,176,ENABLED,AWARENESS,ELECTRONICS,2024-08-05,5203,1271
Customer A,49063.47,185,ENABLED,CONVERSION,TOYS,2024-01-07,78604,2730
Customer B,42289.05,145,HIDDEN,CONVERSION,HOME,2024-07-02,48438,2267
Customer B,46329.44,149,HIDDEN,ENGAGEMENT,TOYS,2024-05-05,17153,3410
Customer A,47896.13,21,ENABLED,ENGAGEMENT,HOME,2024-05-14,24010,1892
Customer A,8249.48,103,ENABLED,CONVERSION,ELECTRONICS,2024-07-14,70315,1655
Customer C,7886.8,54,HIDDEN,AWARENESS,TOYS,2024-04-21,5414,3287
Customer B,48422.54,188,HIDDEN,CONVERSION,FASHION,2024-05-23,68952,3337
Customer C,11668.32,75,HIDDEN,AWARENESS,ELECTRONICS,2024-07-20,80186,2051
Customer B,43699.59,85,ENABLED,ENGAGEMENT,FASHION,2024-06-28,13960,4172
Customer C,5511.87,191,ENABLED,CONVERSION,TOYS,2024-04-19,59838,4742
Customer C,27882.01,58,HIDDEN,AWARENESS,FASHION,2024-06-07,12009,4429
Customer B,7603.06,140,ENABLED,ENGAGEMENT,ELECTRONICS,2024-02-17,56197,3183
Customer A,9248.69,160,HIDDEN,AWARENESS,ELECTRONICS,2024-03-15,65539,3454
Customer A,8194.69,67,HIDDEN,AWARENESS,TOYS,2024-01-27,2602,4768
Customer C,30507.72,107,ENABLED,ENGAGEMENT,FASHION,2024-06-20,34882,2915
Customer A,3205.78,135,HIDDEN,AWARENESS,FASHION,2024-07-10,23803,960
Customer A,23591.45,154,ENABLED,CONVERSION,ELECTRONICS,2024-08-03,75115,3792
Customer A,44679.39,160,ENABLED,ENGAGEMENT,HOME,2024-07-28,38214,321
Customer C,4732.47,38,HIDDEN,AWARENESS,TOYS,2024-01-11,69442,800
Customer A,37754.37,68,ENABLED,CONVERSION,TOYS,2024-08-04,76609,2354
Customer A,18451.81,24,ENABLED,ENGAGEMENT,TOYS,2024-04-25,6499,544
Customer C,38749.15,93,ENABLED,AWARENESS,ELECTRONICS,2024-06-26,79702,2348
Customer A,35115.89,159,HIDDEN,AWARENESS,FASHION,2024-02-08,22781,1020
Customer C,43692.66,73,HIDDEN,CONVERSION,FASHION,2024-08-14,27100,3185
Customer A,19463.05,187,ENABLED,ENGAGEMENT,TOYS,2024-02-20,94423,4371
Customer B,6027.1,80,ENABLED,AWARENESS,ELECTRONICS,2024-06-02,38085,3383
Customer A,42853.52,98,HIDDEN,CONVERSION,TOYS,2024-02-22,93551,1519
Customer A,38386.92,191,ENABLED,ENGAGEMENT,ELECTRONICS,2024-07-20,65835,1228
Customer A,19831.93,9,HIDDEN,ENGAGEMENT,FASHION,2024-05-14,60282,1438
Customer B,27153.7,139,ENABLED,AWARENESS,ELECTRONICS,2024-04-07,70638,2610
Customer C,49838.0,71,HIDDEN,CONVERSION,FASHION,2024-01-10,94549,324
Customer A,30990.61,86,ENABLED,AWARENESS,FASHION,2024-06-23,88453,949
Customer B,21519.91,154,HIDDEN,CONVERSION,HOME,2024-07-21,36840,4210
Customer A,42011.57,169,HIDDEN,ENGAGEMENT,HOME,2024-05-04,18966,2875
Customer C,30552.24,67,HIDDEN,AWARENESS,ELECTRONICS,2024-04-26,72669,1813
Customer B,44866.74,131,ENABLED,ENGAGEMENT,FASHION,2024-01-24,34486,4648
Customer B,48205.09,149,HIDDEN,AWARENESS,ELECTRONICS,2024-06-13,51868,3458
Customer B,42012.93,129,HIDDEN,ENGAGEMENT,FASHION,2024-06-01,67959,1808
Customer C,14072.56,166,ENABLED,ENGAGEMENT,ELECTRONICS,2024-02-09,70781,2877
Customer A,30638.01,68,ENABLED,CONVERSION,FASHION,2024-06-12,11834,3487
Customer C,6073.34,130,ENABLED,AWARENESS,FASHION,2024-05-26,22576,2150
Customer A,8486.01,42,HIDDEN,ENGAGEMENT,ELECTRONICS,2024-04-09,13586,2346
Customer C,17095.36,192,HIDDEN,CONVERSION,TOYS,2024-06-19,31305,290
Customer C,43971.17,168,ENABLED,AWARENESS,ELECTRONICS,2024-05-10,20367,3001
Customer C,18752.67,91,ENABLED,AWARENESS,HOME,2024-06-22,46339,2404
Customer A,3393.02,13,ENABLED,AWARENESS,FASHION,2024-03-31,53467,3752
Customer C,37610.27,50,HIDDEN,AWARENESS,TOYS,2024-05-02,97567,3653
Customer B,43378.85,156,ENABLED,CONVERSION,FASHION,2024-05-20,6420,4345
Customer A,28287.31,183,HIDDEN,ENGAGEMENT,TOYS,2024-07-16,98153,3553
Customer C,40331.77,109,ENABLED,AWARENESS,HOME,2024-04-22,34334,97
Customer C,39970.62,70,HIDDEN,CONVERSION,ELECTRONICS,2024-07-22,49572,3775
Customer B,19435.09,158,ENABLED,CONVERSION,FASHION,2024-01-07,41437,101
Customer B,10957.95,128,ENABLED,ENGAGEMENT,HOME,2024-04-15,67982,4581
Customer C,27180.03,60,ENABLED,CONVERSION,ELECTRONICS,2024-02-10,35751,299
Customer B,41112.7,23,HIDDEN,ENGAGEMENT,FASHION,2024-04-25,72470,3410
Customer C,32247.2,149,HIDDEN,ENGAGEMENT,FASHION,2024-06-27,86174,917
Customer B,17726.62,177,ENABLED,CONVERSION,FASHION,2024-01-26,37282,3833
Customer A,8756.42,52,HIDDEN,AWARENESS,FASHION,2024-05-22,11545,2883
Customer C,20507.63,46,HIDDEN,CONVERSION,HOME,2024-01-31,61814,3860
Customer A,19940.49,23,HIDDEN,AWARENESS,FASHION,2024-06-09,84248,1865
Customer B,10207.99,92,ENABLED,ENGAGEMENT,ELECTRONICS,2024-01-21,71013,1219
Customer B,7319.07,154,ENABLED,AWARENESS,TOYS,2024-01-24,6100,3317
Customer A,12272.16,190,ENABLED,ENGAGEMENT,HOME,2024-07-18,60790,3008
Customer B,17718.89,88,ENABLED,CONVERSION,HOME,2024-06-03,82929,1576
Customer B,33112.35,67,HIDDEN,CONVERSION,FASHION,2024-06-15,47270,4962
Customer A,44330.5,81,HIDDEN,ENGAGEMENT,TOYS,2024-05-12,11845,2751
Customer A,4254.97,82,ENABLED,ENGAGEMENT,ELECTRONICS,2024-01-07,45005,3174
Customer A,29684.36,56,HIDDEN,ENGAGEMENT,FASHION,2024-06-02,32729,841
Customer B,26430.71,104,HIDDEN,ENGAGEMENT,TOYS,2024-03-31,87673,48
Customer B,32503.91,79,ENABLED,ENGAGEMENT,TOYS,2024-07-23,22182,2474
Customer B,6928.05,82,ENABLED,CONVERSION,FASHION,2024-02-23,51016,1126
Customer C,12464.82,34,ENABLED,AWARENESS,FASHION,2024-03-02,96133,1934
Customer A,28299.61,9,HIDDEN,CONVERSION,ELECTRONICS,2024-04-09,51822,3798
Customer B,18672.06,7,HIDDEN,ENGAGEMENT,HOME,2024-07-23,19276,1258
Customer B,1555.82,110,ENABLED,ENGAGEMENT,TOYS,2024-08-04,54090,4941
Customer A,48900.34,15,HIDDEN,AWARENESS,ELECTRONICS,2024-05-09,11456,3821
Customer C,12133.21,197,HIDDEN,ENGAGEMENT,TOYS,2024-01-18,64260,1197
Customer B,19481.82,70,HIDDEN,CONVERSION,ELECTRONICS,2024-07-24,91751,3715
Customer A,46255.9,192,HIDDEN,CONVERSION,ELECTRONICS,2024-02-09,87666,2086
Customer A,25097.8,81,ENABLED,ENGAGEMENT,HOME,2024-01-05,57649,2836
Customer C,32608.14,24,HIDDEN,ENGAGEMENT,ELECTRONICS,2024-06-04,63372,4409
Customer A,42647.22,82,ENABLED,AWARENESS,ELECTRONICS,2024-06-08,86478,2865
Customer B,31227.17,98,HIDDEN,AWARENESS,TOYS,2024-03-12,21046,4918
Customer C,32531.69,180,HIDDEN,ENGAGEMENT,HOME,2024-06-05,16852,4036
Customer B,8546.88,153,ENABLED,ENGAGEMENT,HOME,2024-04-14,91409,2015
Customer A,21246.31,120,ENABLED,ENGAGEMENT,TOYS,2024-04-17,60230,3530
Customer B,30358.9,24,ENABLED,AWARENESS,FASHION,2024-07-24,31769,3590
Customer A,16060.47,199,ENABLED,CONVERSION,ELECTRONICS,2024-05-04,3444,4473
Customer A,43642.8,110,ENABLED,AWARENESS,ELECTRONICS,2024-04-25,94706,4708
Customer C,27884.61,109,HIDDEN,AWARENESS,ELECTRONICS,2024-03-24,85857,4051
Customer A,28869.89,100,HIDDEN,AWARENESS,ELECTRONICS,2024-06-03,89857,1384
Customer C,33364.4,25,ENABLED,AWARENESS,HOME,2024-07-17,74379,1680
Customer B,39741.75,35,ENABLED,CONVERSION,ELECTRONICS,2024-02-09,21548,4248
Customer A,14236.87,128,HIDDEN,ENGAGEMENT,TOYS,2024-07-16,57834,4493
Customer C,10125.46,179,ENABLED,ENGAGEMENT,ELECTRONICS,2024-04-08,91998,3525
Customer B,29194.35,67,HIDDEN,CONVERSION,TOYS,2024-06-14,6445,3477
Customer B,38402.8,91,ENABLED,ENGAGEMENT,TOYS,2024-03-06,47995,2346
Customer A,13187.91,149,HIDDEN,AWARENESS,HOME,2024-01-22,37420,451
Customer B,24274.68,23,HIDDEN,ENGAGEMENT,TOYS,2024-02-11,37834,905
Customer A,48022.51,122,HIDDEN,ENGAGEMENT,FASHION,2024-01-02,51579,3875
Customer B,23818.46,35,HIDDEN,AWARENESS,TOYS,2024-06-06,88603,1404
Customer B,4016.65,31,ENABLED,AWARENESS,ELECTRONICS,2024-03-24,12051,2429
Customer B,47642.93,48,HIDDEN,CONVERSION,FASHION,2024-08-11,11429,3274
Customer A,3053.92,190,ENABLED,AWARENESS,FASHION,2024-01-08,91090,3404
Customer C,12368.59,85,ENABLED,ENGAGEMENT,TOYS,2024-05-04,4836,2623
Customer B,47393.58,74,ENABLED,CONVERSION,HOME,2024-05-15,88204,1541
Customer B,33048.56,130,HIDDEN,AWARENESS,FASHION,2024-03-31,4660,4306
Customer B,35589.75,107,ENABLED,CONVERSION,FASHION,2024-07-03,76928,3245
Customer C,24529.98,38,HIDDEN,ENGAGEMENT,HOME,2024-06-03,45647,856
Customer A,10308.91,42,ENABLED,ENGAGEMENT,ELECTRONICS,2024-02-11,95659,4997
Customer A,26089.53,30,ENABLED,ENGAGEMENT,TOYS,2024-04-21,87701,861
Customer B,45528.8,51,HIDDEN,ENGAGEMENT,ELECTRONICS,2024-08-14,63366,3728
Customer C,14319.55,1,ENABLED,AWARENESS,FASHION,2024-07-31,30507,3468
Customer A,29515.27,64,HIDDEN,AWARENESS,FASHION,2024-01-11,49859,4873
Customer B,38126.34,126,ENABLED,CONVERSION,TOYS,2024-07-16,34609,628
Customer C,25421.59,165,ENABLED,AWARENESS,TOYS,2024-05-08,59289,3986
Customer C,25199.94,9,HIDDEN,ENGAGEMENT,TOYS,2024-05-29,72681,1966
Customer A,37140.51,183,HIDDEN,AWARENESS,FASHION,2024-04-13,5076,2821
Customer C,42035.72,167,HIDDEN,AWARENESS,FASHION,2024-01-25,76300,292
Customer A,40910.98,81,ENABLED,ENGAGEMENT,TOYS,2024-04-09,18942,354
Customer C,26455.54,159,HIDDEN,CONVERSION,FASHION,2024-07-15,64077,1810
Customer C,6264.11,182,HIDDEN,ENGAGEMENT,FASHION,2024-05-26,83537,2641
Customer B,1708.3,189,ENABLED,CONVERSION,ELECTRONICS,2024-05-07,83458,42
Customer A,19609.86,139,HIDDEN,AWARENESS,HOME,2024-01-27,28643,1690
Customer B,13937.04,54,HIDDEN,ENGAGEMENT,HOME,2024-02-18,47018,1376
Customer C,22386.91,77,HIDDEN,AWARENESS,HOME,2024-03-23,31721,1086
Customer B,14226.32,190,ENABLED,CONVERSION,TOYS,2024-02-01,25158,3263
Customer B,22294.26,2,HIDDEN,ENGAGEMENT,TOYS,2024-06-16,18692,3101
Customer C,25444.87,175,HIDDEN,AWARENESS,HOME,2024-06-11,55812,3225
Customer B,14217.21,28,HIDDEN,AWARENESS,FASHION,2024-01-04,99411,1532
Customer A,25771.84,61,ENABLED,CONVERSION,FASHION,2024-06-16,50556,1856
Customer A,24745.47,129,ENABLED,ENGAGEMENT,TOYS,2024-06-03,69250,332
Customer A,48751.72,77,ENABLED,AWARENESS,HOME,2024-04-06,48338,3164
Customer C,48354.8,107,ENABLED,AWARENESS,FASHION,2024-07-01,98995,2377
Customer A,38670.92,196,HIDDEN,ENGAGEMENT,HOME,2024-04-05,86270,3583
Customer A,4860.05,188,HIDDEN,ENGAGEMENT,FASHION,2024-04-09,29833,1845
Customer C,26514.56,76,HIDDEN,AWARENESS,FASHION,2024-02-27,97480,4074
Customer B,37189.58,107,ENABLED,ENGAGEMENT,FASHION,2024-08-07,69859,466
Customer C,25256.04,26,HIDDEN,ENGAGEMENT,HOME,2024-04-28,59982,2362
Customer B,47610.22,179,HIDDEN,AWARENESS,TOYS,2024-04-18,68203,142
Customer C,11247.9,30,HIDDEN,CONVERSION,FASHION,2024-06-14,62894,66
Customer B,25234.65,173,ENABLED,AWARENESS,FASHION,2024-05-09,91013,1946
Customer B,41541.96,17,ENABLED,ENGAGEMENT,TOYS,2024-06-06,9723,1522
Customer A,5860.54,6,HIDDEN,ENGAGEMENT,TOYS,2024-02-14,72764,4204
Customer C,22196.11,165,ENABLED,CONVERSION,FASHION,2024-02-20,89417,608
Customer C,16822.17,95,ENABLED,CONVERSION,TOYS,2024-01-04,1214,669
Customer C,10362.01,198,ENABLED,AWARENESS,FASHION,2024-03-09,92373,559
Customer A,3865.62,13,ENABLED,ENGAGEMENT,TOYS,2024-02-17,21351,839
Customer A,3176.98,67,ENABLED,CONVERSION,TOYS,2024-05-08,81452,1460
Customer A,19208.24,59,HIDDEN,AWARENESS,TOYS,2024-08-09,49972,3316
Customer A,31765.79,144,HIDDEN,CONVERSION,HOME,2024-07-08,46785,4118
Customer B,33336.61,59,ENABLED,AWARENESS,ELECTRONICS,2024-06-02,5461,3722
Customer C,49853.01,122,ENABLED,CONVERSION,HOME,2024-04-03,52883,1905
Customer B,23813.26,114,ENABLED,ENGAGEMENT,HOME,2024-06-11,79609,4595
Customer B,47406.99,99,HIDDEN,ENGAGEMENT,FASHION,2024-01-30,59152,2137
Customer B,30035.77,1,ENABLED,CONVERSION,TOYS,2024-07-22,35640,2723
Customer B,19878.03,30,ENABLED,AWARENESS,TOYS,2024-08-03,59263,4243
Customer B,33064.76,128,ENABLED,ENGAGEMENT,HOME,2024-04-26,28496,2353
Customer A,29734.18,115,HIDDEN,ENGAGEMENT,FASHION,2024-05-30,83023,2098
Customer A,6655.02,100,ENABLED,CONVERSION,FASHION,2024-08-01,23949,1782
Customer C,29814.03,87,HIDDEN,CONVERSION,TOYS,2024-02-18,63936,2066
Customer A,31946.37,185,ENABLED,CONVERSION,HOME,2024-01-02,58240,3184
Customer A,44192.49,170,ENABLED,AWARENESS,ELECTRONICS,2024-01-20,95808,1455
Customer C,3554.75,52,ENABLED,ENGAGEMENT,FASHION,2024-05-17,1053,3575
Customer A,3690.2,164,ENABLED,CONVERSION,TOYS,2024-01-07,91242,1145
Customer A,47905.41,176,ENABLED,AWARENESS,HOME,2024-06-21,98081,4311
Customer B,14314.91,108,HIDDEN,AWARENESS,FASHION,2024-04-04,43449,4955
Customer B,18068.02,26,HIDDEN,AWARENESS,FASHION,2024-04-16,20003,1645
Customer C,39185.49,10,HIDDEN,CONVERSION,HOME,2024-08-09,52299,4141
Customer A,32579.84,48,ENABLED,ENGAGEMENT,HOME,2024-01-20,27288,3191
Customer C,48435.95,55,ENABLED,CONVERSION,FASHION,2024-04-21,8028,3366
Customer C,32129.34,153,ENABLED,CONVERSION,HOME,2024-06-22,49463,3875
Customer B,16144.35,141,HIDDEN,ENGAGEMENT,ELECTRONICS,2024-01-22,86633,2250
Customer C,45890.0,135,HIDDEN,AWARENESS,FASHION,2024-04-28,56120,250
Customer C,18936.64,69,HIDDEN,AWARENESS,ELECTRONICS,2024-02-28,74085,3538
Customer B,35725.21,94,HIDDEN,AWARENESS,ELECTRONICS,2024-05-24,67039,1730
Customer A,13378.85,163,ENABLED,AWARENESS,FASHION,2024-05-26,81012,462
Customer A,18913.1,188,HIDDEN,AWARENESS,HOME,2024-02-13,46261,2988
Customer C,45042.41,190,HIDDEN,AWARENESS,TOYS,2024-02-07,55474,286
Customer C,35241.79,55,ENABLED,ENGAGEMENT,HOME,2024-01-30,72679,4652
Customer A,34985.43,110,HIDDEN,CONVERSION,FASHION,2024-04-13,13591,2750
Customer A,31696.97,169,ENABLED,CONVERSION,HOME,2024-03-29,13772,2337
Customer B,42258.9,127,HIDDEN,CONVERSION,FASHION,2024-02-03,12302,4433
Customer C,45988.16,89,HIDDEN,ENGAGEMENT,FASHION,2024-06-12,66102,2011
Customer B,3846.09,11,HIDDEN,AWARENESS,TOYS,2024-03-22,63844,1192
Customer C,31094.68,180,HIDDEN,AWARENESS,FASHION,2024-04-28,87543,3110
Customer C,16910.89,117,ENABLED,ENGAGEMENT,HOME,2024-08-13,47485,4529
Customer B,33967.45,164,HIDDEN,AWARENESS,FASHION,2024-07-30,7276,779
Customer C,9733.7,86,HIDDEN,AWARENESS,HOME,2024-07-12,97704,4338
Customer A,23314.0,33,HIDDEN,ENGAGEMENT,ELECTRONICS,2024-05-27,63995,2834
Customer C,48955.11,17,HIDDEN,AWARENESS,FASHION,2024-02-15,45702,1880
Customer A,37509.33,74,ENABLED,CONVERSION,FASHION,2024-01-17,43559,4473
Customer C,8321.69,35,ENABLED,ENGAGEMENT,HOME,2024-06-26,48411,3973
Customer B,18322.17,174,HIDDEN,CONVERSION,HOME,2024-02-25,80764,194
Customer C,21985.01,164,ENABLED,AWARENESS,ELECTRONICS,2024-07-07,79604,1869
Customer B,48088.3,97,ENABLED,AWARENESS,TOYS,2024-07-06,69678,4664
Customer B,17485.46,172,ENABLED,ENGAGEMENT,TOYS,2024-08-08,59925,1364
Customer B,29544.18,27,ENABLED,AWARENESS,FASHION,2024-06-01,94590,2919
Customer A,14552.52,108,HIDDEN,AWARENESS,ELECTRONICS,2024-03-05,47677,3434
Customer A,23331.6,150,ENABLED,CONVERSION,FASHION,2024-08-05,83517,3890
Customer B,15231.72,188,HIDDEN,CONVERSION,HOME,2024-07-17,20898,101
Customer B,15262.02,99,HIDDEN,AWARENESS,FASHION,2024-03-16,19974,1760
Customer B,48472.08,36,HIDDEN,AWARENESS,FASHION,2024-06-09,76420,1506
Customer B,13607.84,57,HIDDEN,CONVERSION,HOME,2024-03-31,95002,4079
Customer C,4256.41,189,ENABLED,CONVERSION,HOME,2024-03-15,48612,3697
Customer C,16461.99,113,HIDDEN,AWARENESS,TOYS,2024-05-29,71126,3123
Customer A,27068.54,3,ENABLED,ENGAGEMENT,FASHION,2024-01-24,83736,179
Customer B,47125.28,158,HIDDEN,CONVERSION,TOYS,2024-05-01,63054,1632
Customer B,38251.12,115,ENABLED,AWARENESS,HOME,2024-07-31,24482,2125
Customer B,18752.87,16,HIDDEN,CONVERSION,FASHION,2024-01-17,75078,2921
Customer B,42654.97,39,HIDDEN,AWARENESS,ELECTRONICS,2024-01-29,2994,4907
Customer A,25565.02,127,HIDDEN,ENGAGEMENT,ELECTRONICS,2024-05-06,41952,2494
Customer B,19902.13,118,HIDDEN,ENGAGEMENT,TOYS,2024-08-07,85524,3125
Customer C,28194.68,69,HIDDEN,AWARENESS,ELECTRONICS,2024-03-24,93799,2367
Customer B,12313.06,142,HIDDEN,ENGAGEMENT,HOME,2024-04-09,75148,1767
Customer B,13233.05,173,HIDDEN,ENGAGEMENT,ELECTRONICS,2024-04-27,57309,4887
Customer B,25066.63,79,HIDDEN,ENGAGEMENT,FASHION,2024-02-27,40325,4017
Customer C,19101.27,196,HIDDEN,CONVERSION,FASHION,2024-05-19,77893,1038
Customer B,10534.39,79,HIDDEN,AWARENESS,HOME,2024-05-25,9479,1694
Customer A,35505.65,198,HIDDEN,CONVERSION,ELECTRONICS,2024-01-03,73153,2400
Customer C,20429.48,32,ENABLED,AWARENESS,ELECTRONICS,2024-07-26,44526,281
Customer A,34764.81,63,ENABLED,AWARENESS,TOYS,2024-03-06,31698,4362
Customer B,23751.49,150,HIDDEN,AWARENESS,FASHION,2024-04-09,68397,3986
Customer A,42009.3,183,HIDDEN,CONVERSION,TOYS,2024-04-20,51106,1142
Customer A,21395.54,115,ENABLED,ENGAGEMENT,HOME,2024-03-03,99164,595
Customer C,47335.39,73,HIDDEN,ENGAGEMENT,FASHION,2024-05-13,74354,4659
Customer A,34426.48,143,ENABLED,AWARENESS,TOYS,2024-02-28,72620,2082
Customer A,40865.3,30,ENABLED,AWARENESS,ELECTRONICS,2024-04-11,87777,3111
Customer C,45068.84,64,HIDDEN,CONVERSION,FASHION,2024-04-25,48258,1645
Customer A,33398.69,187,ENABLED,CONVERSION,ELECTRONICS,2024-06-13,95218,942
Customer C,2941.33,144,HIDDEN,CONVERSION,HOME,2024-06-13,28622,4156
Customer C,38351.15,69,HIDDEN,CONVERSION,HOME,2024-06-18,94287,2887
Customer B,47557.63,165,ENABLED,ENGAGEMENT,ELECTRONICS,2024-06-30,20290,2740
Customer C,22358.22,110,HIDDEN,CONVERSION,FASHION,2024-08-08,60342,473
Customer C,49969.49,71,ENABLED,ENGAGEMENT,ELECTRONICS,2024-08-14,65951,607
Customer B,5998.79,78,ENABLED,ENGAGEMENT,TOYS,2024-03-30,56769,3938
Customer B,17645.4,84,HIDDEN,AWARENESS,FASHION,2024-07-05,89790,2058
Customer A,5868.28,54,HIDDEN,AWARENESS,TOYS,2024-02-17,12395,4554
Customer C,37081.51,123,ENABLED,ENGAGEMENT,FASHION,2024-05-30,27657,4856
Customer C,16385.21,72,ENABLED,CONVERSION,HOME,2024-01-04,39983,2752
Customer A,47874.13,151,HIDDEN,CONVERSION,FASHION,2024-01-09,54569,4556
Customer C,12003.63,67,ENABLED,CONVERSION,ELECTRONICS,2024-06-14,80502,4865
Customer B,12870.43,100,HIDDEN,AWARENESS,HOME,2024-08-12,60383,4169
Customer A,36255.53,12,ENABLED,ENGAGEMENT,ELECTRONICS,2024-03-30,98202,4507
Customer B,45192.44,5,ENABLED,ENGAGEMENT,FASHION,2024-08-04,76457,732
Customer B,2791.31,105,ENABLED,CONVERSION,FASHION,2024-06-09,34008,4534
Customer C,42108.98,37,HIDDEN,CONVERSION,HOME,2024-02-22,17633,2555
Customer A,15899.57,5,ENABLED,AWARENESS,HOME,2024-04-14,9806,3024
Customer B,1193.57,179,HIDDEN,CONVERSION,ELECTRONICS,2024-03-29,81063,1866
Customer A,18712.3,121,ENABLED,ENGAGEMENT,FASHION,2024-03-20,96016,2529
Customer C,14807.97,70,ENABLED,ENGAGEMENT,HOME,2024-08-01,93179,723
Customer C,17051.12,153,HIDDEN,CONVERSION,TOYS,2024-04-07,65831,1777
Customer C,24427.93,124,ENABLED,ENGAGEMENT,FASHION,2024-06-08,60958,3487
Customer B,43306.91,169,HIDDEN,ENGAGEMENT,ELECTRONICS,2024-07-16,96182,557
Customer A,49860.71,162,HIDDEN,ENGAGEMENT,ELECTRONICS,2024-04-16,78582,1536
Customer A,2756.98,184,HIDDEN,ENGAGEMENT,HOME,2024-03-04,29278,1140
Customer B,5165.6,158,HIDDEN,ENGAGEMENT,ELECTRONICS,2024-01-27,41107,4609
Customer A,28252.73,193,ENABLED,ENGAGEMENT,ELECTRONICS,2024-04-04,62361,1901
Customer A,3187.49,97,HIDDEN,AWARENESS,HOME,2024-03-26,50654,2628
Customer B,18894.53,70,ENABLED,CONVERSION,ELECTRONICS,2024-03-02,90531,29
Customer B,26819.68,35,HIDDEN,ENGAGEMENT,TOYS,2024-01-23,21994,1228
Customer A,38519.98,121,HIDDEN,CONVERSION,ELECTRONICS,2024-03-10,53748,2215
Customer B,18821.32,115,HIDDEN,CONVERSION,TOYS,2024-03-07,43819,4947
Customer C,24706.98,100,HIDDEN,CONVERSION,TOYS,2024-02-26,24332,2954
Customer C,44402.81,71,HIDDEN,AWARENESS,ELECTRONICS,2024-05-10,66385,3274
Customer C,17700.04,38,HIDDEN,CONVERSION,TOYS,2024-04-08,44664,3842
Customer B,43473.38,117,HIDDEN,ENGAGEMENT,HOME,2024-01-21,52689,2236
Customer B,47490.13,76,HIDDEN,ENGAGEMENT,HOME,2024-07-15,78361,4934
Customer A,21855.51,53,HIDDEN,AWARENESS,ELECTRONICS,2024-07-13,55363,986
Customer B,6161.65,44,HIDDEN,AWARENESS,TOYS,2024-02-11,65083,387
Customer B,41863.76,4,ENABLED,ENGAGEMENT,ELECTRONICS,2024-05-10,16579,2665
Customer C,36767.47,15,HIDDEN,ENGAGEMENT,FASHION,2024-02-26,73581,1943
Customer B,12369.77,157,HIDDEN,AWARENESS,HOME,2024-07-28,3919,2047
Customer A,6128.27,33,ENABLED,ENGAGEMENT,HOME,2024-03-23,3548,2713
Customer B,30732.25,164,HIDDEN,CONVERSION,FASHION,2024-02-06,98958,1919
Customer A,6165.9,27,HIDDEN,ENGAGEMENT,ELECTRONICS,2024-04-10,96119,4098
Customer C,19572.77,7,ENABLED,AWARENESS,FASHION,2024-01-07,69035,1560
Customer A,27912.04,71,ENABLED,CONVERSION,FASHION,2024-06-24,86734,1872
Customer C,30165.6,91,ENABLED,ENGAGEMENT,ELECTRONICS,2024-06-05,53789,1415
Customer B,13539.81,109,ENABLED,ENGAGEMENT,ELECTRONICS,2024-08-11,23725,1414
Customer A,12306.75,42,HIDDEN,CONVERSION,HOME,2024-08-06,89595,4053
Customer C,45528.9,96,HIDDEN,ENGAGEMENT,HOME,2024-04-19,48951,3929
Customer B,35705.29,135,HIDDEN,ENGAGEMENT,ELECTRONICS,2024-03-12,5252,944
Customer A,24631.51,8,HIDDEN,CONVERSION,FASHION,2024-03-07,68427,4102
Customer B,21565.17,31,ENABLED,CONVERSION,ELECTRONICS,2024-02-21,55854,96
Customer B,1683.58,51,ENABLED,AWARENESS,ELECTRONICS,2024-05-27,30283,399
Customer A,8223.75,7,HIDDEN,AWARENESS,FASHION,2024-05-30,9897,4893
Customer C,45571.01,121,ENABLED,CONVERSION,FASHION,2024-07-03,32882,4769
Customer A,11084.23,31,HIDDEN,CONVERSION,ELECTRONICS,2024-03-10,70873,3313
Customer A,8566.86,196,ENABLED,CONVERSION,HOME,2024-05-05,31488,3477
Customer B,2875.57,93,ENABLED,CONVERSION,ELECTRONICS,2024-04-17,5683,3665
Customer C,27779.03,172,HIDDEN,CONVERSION,FASHION,2024-04-23,7124,2305
Customer B,36932.12,21,HIDDEN,CONVERSION,FASHION,2024-04-24,54606,1338
